group,symbol,value,change
傳產-水泥,1101,287956,0.88
傳產-水泥,1102,409444,0.69
傳產-水泥,1103,3419,0
傳產-水泥,1104,9785,-0.5
傳產-水泥,1108,785,0.34
傳產-水泥,1109,1427,0.32
傳產-水泥,1110,857,1.22
傳產-食品,1201,1750,0
傳產-食品,1203,338,0.89
傳產-食品,1210,80769,-0.39
傳產-食品,1213,23,0.94
傳產-食品,1215,547535,0.74
傳產-食品,1216,2150984,2.68
傳產-食品,1217,1974,0.48
傳產-食品,1218,4557,-0.28
傳產-食品,1219,1168,0
傳產-食品,1220,1140,0.4
傳產-食品,1225,1427,-0.17
傳產-食品,1227,7947,-0.16
傳產-食品,1229,30153,-0.42
傳產-食品,1231,11266,0.61
傳產-食品,1232,9306,0.35
傳產-食品,1233,115,0.94
傳產-食品,1234,3005,-0.26
傳產-食品,1235,100,0.11
傳產-食品,1236,3151,0.38
傳產-食品,1240,750,0
傳產-食品,1256,2562,1.08
傳產-觀光,1259,189,0.65
傳產-食品,1264,2376,0
傳產-觀光,1268,2892,0
傳產-食品,1294,3550,1.03
傳產-生技,1295,7518,-1.58
傳產-塑膠,1301,212450,0
傳產-塑膠,1303,2204977,-1.03
傳產-塑膠,1304,22507,-1.33
傳產-塑膠,1305,12646,-1.79
傳產-塑膠,1307,7942,-0.15
傳產-塑膠,1308,12098,-1.49
傳產-塑膠,1309,7848,-1.32
傳產-塑膠,1310,5804,-0.47
傳產-塑膠,1312,73620,-4.35
傳產-塑膠,1313,23287,0
傳產-塑膠,1314,70272,-0.63
傳產-塑膠,1315,1110,-0.31
傳產-營建,1316,60562,-2.47
傳產-汽車零組件,1319,146499,0.73
傳產-塑膠,1321,3043,0
傳產-塑膠,1323,566,0.26
傳產-塑膠,1324,499,1.45
傳產-塑膠,1325,5585,0.17
傳產-塑膠,1326,158001,-0.47
電子上游-連接元件,1336,702,-0.32
傳產-塑膠,1337,548,-0.61
傳產-汽車零組件,1338,1062,0.24
傳產-汽車零組件,1339,2904,0.11
傳產-塑膠,1340,5934,2.66
傳產-塑膠,1341,434,0.17
傳產-塑膠,1342,5474,0.46
傳產-紡織纖維,1402,83359,-0.36
傳產-紡織纖維,1409,45200,-0.33
傳產-紡織纖維,1410,447,-0.29
傳產-紡織纖維,1413,107,0.2
傳產-紡織纖維,1414,5485,1.75
軟體-系統整合,1416,2219,0.42
傳產-紡織纖維,1417,647,0
傳產-紡織纖維,1418,198,0
傳產-紡織纖維,1419,14212,-0.15
傳產-紡織纖維,1423,677,0.79
傳產-運動休閒,1432,12894,-1.1
傳產-紡織纖維,1434,20757,-1.26
傳產-其他,1435,12,0
傳產-營建,1436,18342,0.92
傳產-其他,1437,3339,0
傳產-營建,1438,1645,-1.88
傳產-營建,1439,684,-0.66
傳產-紡織纖維,1440,17335,-1.49
傳產-紡織纖維,1441,221,-0.47
傳產-營建,1442,223109,-0.65
傳產-航運,1443,81,0
傳產-紡織纖維,1444,2287,-0.16
傳產-紡織纖維,1445,191,-0.75
傳產-紡織纖維,1446,1891,0.83
傳產-紡織纖維,1447,2517,-0.18
傳產-紡織纖維,1449,13084,2.73
傳產-紡織纖維,1451,593,-0.29
傳產-紡織纖維,1452,361,0.42
傳產-營建,1453,397,-0.39
傳產-紡織纖維,1454,611,-0.76
傳產-紡織纖維,1455,5986,0
傳產-營建,1456,26,1.17
傳產-紡織纖維,1457,905,0
傳產-紡織纖維,1459,869,0
傳產-紡織纖維,1460,6580,0.79
傳產-紡織纖維,1463,1741,-1.27
傳產-紡織纖維,1464,2488,0
傳產-紡織纖維,1465,1265,-0.4
傳產-紡織纖維,1466,3282,0
傳產-紡織纖維,1467,677,0.28
傳產-紡織纖維,1468,376,0
傳產-紡織纖維,1470,186,0.87
電子中游-電源供應器,1471,1662,0.57
傳產-營建,1472,7018,-0.23
傳產-紡織纖維,1473,399,0
傳產-紡織纖維,1474,466,-0.45
傳產-紡織纖維,1475,1444,-0.33
傳產-紡織纖維,1476,187320,-0.52
傳產-紡織纖維,1477,418510,-0.84
傳產-電機,1503,150612,1.17
傳產-電機,1504,2258243,0.23
傳產-汽車零組件,1506,913,-0.43
傳產-汽車零組件,1512,407,1.47
傳產-電機,1513,164550,0.67
傳產-電機,1514,147460,0.98
傳產-運動休閒,1515,4754,0.91
傳產-其他,1516,4223,0
傳產-運動休閒,1517,1175,0.45
傳產-電機,1519,1737261,0.26
傳產-汽車零組件,1521,267,-0.62
傳產-汽車零組件,1522,52385,0.32
傳產-汽車零組件,1524,16528,-0.53
傳產-汽車零組件,1525,768,-0.16
傳產-電機,1526,817,0
傳產-電機,1527,5528,-0.61
傳產-電機,1528,338953,9.86
傳產-電機,1529,6317,0.53
傳產-電機,1530,866,0.18
傳產-電機,1531,966,0.42
傳產-鋼鐵,1532,6954,-0.37
傳產-汽車零組件,1533,2333,-1.23
傳產-電機,1535,953,0.57
傳產-汽車零組件,1536,65822,-0.87
傳產-汽車零組件,1537,7089,-0.8
傳產-電機,1538,499,2.53
傳產-電機,1539,587,-0.29
傳產-電機,1540,5446,0.22
傳產-電機,1541,24,0.64
傳產-電機,1558,4351,-0.97
電子上游-IC-代工,1560,676031,1.08
傳產-汽車零組件,1563,63927,2.69
傳產-生技,1565,34933,-0.85
傳產-汽車零組件,1568,2274,1.81
電子中游-機殼,1569,13648,0.18
傳產-電機,1570,3553,0
傳產-電機,1580,2547,-0.37
電子上游-連接元件,1582,16573,-0.46
傳產-電機,1583,108,0
傳產-鋼鐵,1584,9508,1.34
傳產-汽車零組件,1586,6624,-0.98
傳產-汽車,1587,125193,0.95
傳產-電機,1589,12552,0.59
傳產-電機,1590,84708,-1.05
傳產-電機,1591,2283,0.1
傳產-運動休閒,1593,485,-0.17
電子上游-PCB-材料設備,1595,3955,1.62
傳產-電機,1597,5659,-0.55
傳產-運動休閒,1598,1719,-0.48
傳產-汽車零組件,1599,1838,0.96
傳產-電線電纜,1603,24238,1.89
電子下游-消費電子,1604,2237,-0.2
傳產-電線電纜,1605,6703778,5.69
傳產-電線電纜,1608,1382463,6.61
傳產-電線電纜,1609,365805,2.24
傳產-照明,1611,34725,3.53
傳產-電線電纜,1612,43454,1.89
電子下游-消費電子,1614,1682,0
傳產-電線電纜,1615,12724,2.26
傳產-電線電纜,1616,65172,2.65
傳產-電線電纜,1617,6349,2.45
傳產-電線電纜,1618,84633,4.3
電子下游-消費電子,1626,1130,0.44
傳產-食品,1702,8058,0.51
傳產-生技,1707,4822,0
傳產-化學工業,1708,15408,-0.3
傳產-化學工業,1709,2403,0
傳產-化學工業,1710,5276,0.83
傳產-化學工業,1711,43259,0
傳產-化學工業,1712,14466,0
傳產-化學工業,1713,4587,1.49
傳產-化學工業,1714,9725,-0.61
傳產-化學工業,1717,168344,-0.86
傳產-化學工業,1718,22865,-0.29
傳產-生技,1720,11201,-0.83
傳產-化學工業,1721,72478,9.41
傳產-化學工業,1722,53117,-0.21
傳產-化學工業,1723,56479,-2.04
傳產-化學工業,1725,2346,-0.74
傳產-化學工業,1726,936,0.13
傳產-化學工業,1727,407071,-0.9
傳產-化學工業,1730,1082,0.19
傳產-生技,1731,636,0.46
傳產-化學工業,1732,3761,-0.35
傳產-生技,1733,3759,0.16
傳產-生技,1734,2687,-0.16
傳產-化學工業,1735,17125,2.13
傳產-運動休閒,1736,31234,0.69
傳產-食品,1737,2000,0.79
傳產-化學工業,1742,554,0.37
傳產-生技,1752,876,-0.66
傳產-生技,1760,4988,-0.47
傳產-生技,1762,1143,0.2
傳產-化學工業,1773,19265,0
傳產-化學工業,1776,536,0.32
傳產-生技,1777,988,-0.14
傳產-生技,1781,635,-0.9
傳產-生技,1783,1249,-0.94
傳產-生技,1784,390036,2.25
傳產-其他,1785,2684171,-4.86
傳產-生技,1786,35131,-1.87
傳產-生技,1788,1671,0
傳產-生技,1789,3890,-0.29
傳產-生技,1795,265213,0
傳產-生技,1796,243,-0.93
傳產-生技,1799,11997,9.75
傳產-玻璃陶瓷,1802,2328546,0.57
傳產-營建,1805,1487,-0.42
傳產-玻璃陶瓷,1806,2025,-0.54
傳產-營建,1808,116797,3.38
傳產-玻璃陶瓷,1809,3808,-0.29
傳產-玻璃陶瓷,1810,14246,0.87
傳產-生技,1813,84,0
電子上游-PCB-材料設備,1815,12066801,1.42
傳產-玻璃陶瓷,1817,264,-0.13
傳產-紙業,1903,7690,1.1
傳產-紙業,1904,13206,-0.57
傳產-紙業,1905,10185,-0.43
傳產-紙業,1906,441,0.85
傳產-紙業,1907,16066,0.2
傳產-紙業,1909,12157,0.6
傳產-鋼鐵,2002,349183,1.62
傳產-鋼鐵,2006,125383,-0.78
傳產-鋼鐵,2007,867,0.41
傳產-鋼鐵,2008,1102,1.59
傳產-鋼鐵,2009,1782900,10
傳產-鋼鐵,2010,17472,-0.24
傳產-鋼鐵,2012,1590,2
傳產-鋼鐵,2013,2127,0.6
傳產-鋼鐵,2014,129862,2.57
傳產-鋼鐵,2015,26505,-0.81
傳產-鋼鐵,2017,3454,1.07
傳產-鋼鐵,2020,5301,1.07
傳產-鋼鐵,2022,2041,-0.73
傳產-鋼鐵,2023,16775,0
傳產-鋼鐵,2024,78,0.98
傳產-鋼鐵,2025,1091,-1.91
傳產-鋼鐵,2027,1027996,1.58
傳產-鋼鐵,2028,1205,0.89
傳產-鋼鐵,2029,1964,1.2
傳產-鋼鐵,2030,6208,0.36
傳產-鋼鐵,2031,8503,0.27
傳產-鋼鐵,2032,5795,1.04
傳產-鋼鐵,2033,4723,-1.88
傳產-鋼鐵,2034,51780,1.21
傳產-鋼鐵,2035,0,-0.18
傳產-鋼鐵,2038,3708,1.41
傳產-電機,2049,168185,-1.02
電子中游-金屬製品,2059,1066867,-0.54
傳產-電線電纜,2061,7828,3.6
傳產-其他,2062,4385,-1.64
傳產-鋼鐵,2063,17719,-0.83
傳產-鋼鐵,2064,12,0
傳產-鋼鐵,2065,565,0.35
傳產-汽車零組件,2066,818,0
傳產-電機,2067,768,-0.9
傳產-鋼鐵,2069,4437,1.69
傳產-電機,2070,1071,0.13
傳產-電線電纜,2073,0,0
傳產-橡膠,2101,26316,0.53
傳產-橡膠,2102,5480,1.03
傳產-橡膠,2103,10359,-0.32
傳產-橡膠,2104,18048,-1.31
傳產-橡膠,2105,141985,-0.34
傳產-橡膠,2106,7301,-0.25
傳產-橡膠,2107,2192,0.2
傳產-橡膠,2108,4348,0.44
傳產-橡膠,2109,1860,0
傳產-橡膠,2114,283,0.11
傳產-汽車零組件,2115,2527,0
傳產-汽車,2201,145073,-2.15
傳產-汽車,2204,42651,-1.48
傳產-汽車,2206,47476,0
傳產-汽車,2207,259580,-0.18
傳產-航運,2208,39673,-0.5
傳產-鋼鐵,2211,524449,0.98
傳產-鋼鐵,2221,564,0
傳產-汽車,2227,1169,0.18
傳產-汽車零組件,2228,130438,2.84
傳產-汽車零組件,2230,29729,-0.74
傳產-汽車零組件,2231,29141,-1.47
傳產-汽車零組件,2233,235004,3.71
傳產-汽車零組件,2235,16,0
傳產-汽車零組件,2236,57687,0.87
傳產-汽車零組件,2239,2560,-4.48
傳產-汽車零組件,2241,11236,-0.81
傳產-汽車零組件,2243,1750,1.72
傳產-汽車,2247,34085,-0.88
傳產-汽車零組件,2248,147,-0.71
傳產-汽車零組件,2250,5812,1.67
傳產-汽車,2254,3322,0.68
傳產-汽車,2258,172567,7.03
電子中游-電源供應器,2301,2691716,-1.81
電子上游-IC-製造,2302,4495,0
電子上游-IC-代工,2303,2035955,0.6
電子下游-掃描器,2305,3690,0.45
電子中游-電源供應器,2308,3258485,0.1
電子中游-EMS,2312,255656,-0.44
電子上游-PCB-製造,2313,4248123,-0.2
電子中游-通訊設備,2314,2149,-0.88
電子上游-PCB-製造,2316,203749,0.49
電子中游-EMS,2317,6533626,0.67
電子中游-通訊設備,2321,164,-4.09
電子下游-其他,2323,44267,0
電子下游-筆記型電腦,2324,470113,0
電子上游-被動元件,2327,1779281,0.67
電子上游-連接元件,2328,294863,0.1
電子上游-IC-封測,2329,2159250,9.9
電子上游-IC-代工,2330,31326716,1
電子中游-主機板,2331,90036,-0.65
電子中游-網通,2332,61541,-2.24
電子上游-IC-製造,2337,3610523,0.64
電子上游-IC-半導體設備,2338,33808,-0.96
電子上游-LED照明及光元件,2340,32926,0.38
電子上游-IC-代工,2342,25934,0.87
電子上游-IC-製造,2344,21273570,-0.52
電子中游-網通,2345,3237165,2.1
電子上游-IC-通路,2347,631951,-1.2
傳產-其他,2348,21574,0.12
電子下游-其他,2349,70881,2.74
電子上游-IC-導線架,2351,36923,-0.53
電子下游-顯示器,2352,134572,-1.24
電子下游-筆記型電腦,2353,333799,-0.2
電子中游-機殼,2354,155598,-0.16
電子上游-PCB-製造,2355,31839,-0.47
電子下游-筆記型電腦,2356,449828,-1.51
電子下游-筆記型電腦,2357,4706161,1.29
電子下游-其他,2359,82926,-0.39
電子中游-儀器設備工程,2360,2017129,2.33
電子下游-筆記型電腦,2362,37792,-1.75
電子上游-IC-設計,2363,73903,0.21
電子下游-筆記型電腦,2364,11800,-1.18
電子下游-電腦周邊,2365,43299,-0.14
電子上游-PCB-製造,2367,490884,3.66
電子上游-PCB-製造,2368,6938720,4.34
電子上游-IC-封測,2369,544155,4.7
傳產-電機,2371,631667,1.11
電子下游-資訊通路,2373,1186,-0.18
電子下游-數位相機,2374,198864,0
電子上游-被動元件,2375,101628,0.11
電子中游-主機板,2376,403660,0
電子中游-主機板,2377,840054,-1.84
電子上游-IC-設計,2379,758137,-1.02
電子下游-掃描器,2380,458,1.85
電子下游-筆記型電腦,2382,4359148,-0.38
電子上游-PCB-材料設備,2383,3007782,-2.96
電子下游-電腦周邊,2385,575542,-2.54
電子中游-NB與手機零組件,2387,12427,-1.14
電子上游-IC-設計,2388,195434,-2.38
電子下游-安全監控,2390,1873,-0.3
電子上游-連接元件,2392,75636,-1.33
電子上游-LED照明及光元件,2393,652774,-1.83
電子下游-工業電腦,2395,184787,-0.52
電子下游-工業電腦,2397,7941,-0.81
電子中游-主機板,2399,417371,1.35
電子上游-IC-設計,2401,24743,0.5
電子上游-PCB-製造,2402,1151451,-1.85
電子中游-儀器設備工程,2404,2155312,1.73
電子中游-主機板,2405,21862,-1.63
電子下游-太陽能,2406,464405,3.21
電子上游-記憶體製造,2408,14843503,0
電子中游-LCD-TFT面板,2409,409012,-0.44
電子下游-電信服務,2412,341731,0.77
電子中游-電源供應器,2413,964988,9.95
電子下游-資訊通路,2414,2180,0.12
電子中游-聲學元件,2415,2462,-0.78
電子中游-PC介面卡,2417,120777,9.89
電子中游-通訊設備,2419,26887,-0.6
電子中游-電源供應器,2420,6099,-0.2
電子中游-散熱零組件,2421,782228,1.9
電子中游-儀器設備工程,2423,7738,2.17
電子中游-通訊設備,2424,3143,-2.89
電子中游-主機板,2425,5024,-1.14
電子上游-LED照明及光元件,2426,5310,0.29
軟體-系統整合,2427,12129,-0.37
電子上游-被動元件,2428,66943,-0.87
電子上游-LED照明及光元件,2429,38669,-1.91
電子下游-資訊通路,2430,1988,-0.65
電子中游-電源供應器,2431,3261,0
電子中游-NB與手機零組件,2432,1110,-2.29
電子下游-資訊通路,2433,627,0.21
電子上游-IC-製造,2434,679,0
電子上游-IC-設計,2436,50976,1.57
電子上游-LED照明及光元件,2438,699,-0.7
電子下游-消費電子,2439,447182,-0.41
電子上游-連接元件,2440,7367,3.14
電子上游-IC-封測,2441,1278648,3.01
傳產-營建,2442,9167,0.19
電子中游-網通,2444,1832,1.75
電子上游-IC-封測,2449,2490799,1.83
電子下游-資訊通路,2450,1772,0.17
電子上游-記憶體銷售,2451,1615475,-1.92
軟體-系統整合,2453,12450,-0.75
電子上游-IC-設計,2454,4464818,0.36
電子上游-半導體元件,2455,933291,1.29
電子中游-電源供應器,2457,79041,0.34
電子上游-IC-設計,2458,520836,-1.19
電子中游-其他,2459,1455,0
電子上游-連接元件,2460,13719,3.47
電子中游-其他,2461,3212,0.34
電子上游-連接元件,2462,1090,0.44
電子中游-儀器設備工程,2464,79619,0.16
電子中游-主機板,2465,15499,0.17
電子上游-LED照明及光元件,2466,267858,1.47
電子上游-PCB-材料設備,2467,520413,1.72
軟體-系統整合,2468,17508,0.71
軟體-系統整合,2471,3864,0.6
電子上游-被動元件,2472,150477,-0.47
電子中游-機殼,2474,1176383,0
電子上游-連接元件,2476,82849,-0.23
電子下游-消費電子,2477,3196,0.62
電子上游-被動元件,2478,38572,1.62
軟體-系統整合,2480,13145,-0.66
電子上游-IC-製造,2481,626122,-1.35
電子下游-商業自動化,2482,1507,1.15
電子上游-IC-導線架,2483,617,0.54
電子上游-被動元件,2484,8743,-1.69
電子中游-通訊設備,2485,792689,-1.74
電子上游-IC-導線架,2486,215499,0.11
電子下游-消費電子,2488,7002,0.55
電子下游-顯示器,2489,28717,0
傳產-照明,2491,30048,2.17
電子上游-被動元件,2492,339137,0.87
電子上游-PCB-材料設備,2493,413787,8.17
電子中游-磁碟陣列,2495,437781,1.11
傳產-文創娛樂,2496,2557,0.29
傳產-汽車零組件,2497,52163,4.28
電子下游-手機製造,2498,360231,-1.6
傳產-營建,2501,45059,-0.42
傳產-營建,2504,412262,-2.34
傳產-營建,2505,2473,-0.5
傳產-營建,2506,1172,-0.11
傳產-營建,2509,3745,1.62
傳產-營建,2511,6690,0.49
傳產-營建,2514,500,0.68
傳產-營建,2515,118591,1.12
傳產-營建,2516,1684,-0.33
傳產-營建,2520,396923,0.28
傳產-營建,2524,4038,-1.02
傳產-營建,2527,6347,0.34
傳產-營建,2528,34391,-2.39
傳產-營建,2530,28240,0
傳產-營建,2534,7535,-0.48
傳產-營建,2535,64472,0.32
傳產-營建,2536,6550,-0.75
傳產-營建,2537,36905,0.81
傳產-營建,2538,1797,0
傳產-營建,2539,18525,0.62
傳產-營建,2540,60554,1.35
傳產-營建,2542,150602,0.25
傳產-營建,2543,50749,-1.12
傳產-營建,2545,11798,0.5
傳產-營建,2546,11146,0.79
傳產-營建,2547,38455,-0.9
傳產-營建,2548,201107,-0.41
傳產-營建,2596,10729,1.57
傳產-營建,2597,33171,0
傳產-百貨,2601,8170,-0.91
傳產-航運,2603,2767986,1.33
傳產-航運,2605,115513,0.57
傳產-航運,2606,408100,1.64
傳產-航運,2607,115198,1.38
傳產-航運,2608,1705,0
傳產-航運,2609,1363966,1.45
傳產-航運,2610,506944,0.75
傳產-航運,2611,3052,0
傳產-航運,2612,53296,0.5
傳產-航運,2613,9440,0.21
傳產-其他,2614,72231,0.43
傳產-航運,2615,522129,1.4
傳產-其他,2616,1701,-0.37
傳產-航運,2617,11455,-0.16
傳產-航運,2618,559711,-0.14
傳產-航運,2630,120363,-1.11
傳產-航運,2633,50840,-0.18
傳產-航運,2634,187060,-0.78
傳產-航運,2636,12780,0
傳產-航運,2637,202635,1.91
傳產-其他,2640,1458,-0.76
傳產-航運,2641,38611,0.99
傳產-航運,2642,1145,-0.19
傳產-航運,2643,2197,0
傳產-電機,2645,747957,0.68
傳產-航運,2646,134782,1.48
傳產-觀光,2701,163,-0.45
傳產-觀光,2702,267,0
傳產-觀光,2704,1274,-0.34
傳產-觀光,2705,1467,-0.6
傳產-觀光,2706,511,0
傳產-觀光,2707,6215,0.26
傳產-觀光,2712,167,0
傳產-營建,2718,107,1.15
傳產-觀光,2719,411,-0.98
傳產-觀光,2722,1041,0.19
傳產-觀光,2723,15679,0.57
傳產-其他,2724,49,5.01
傳產-觀光,2726,1941,-1.16
傳產-觀光,2727,53719,-0.23
傳產-觀光,2729,911,-0.28
傳產-觀光,2731,65219,0.91
傳產-觀光,2732,787,-0.56
傳產-觀光,2734,886,-0.27
傳產-觀光,2736,1052,-0.68
傳產-觀光,2739,1130,0
傳產-觀光,2740,476,-1.71
傳產-觀光,2743,7015,1.01
傳產-觀光,2745,7445,0.47
傳產-觀光,2748,2798,0.94
傳產-食品,2751,848,-0.16
傳產-觀光,2752,1386,-0.24
傳產-觀光,2753,43379,-0.26
傳產-觀光,2754,1493,0
傳產-觀光,2755,3602,-0.82
傳產-觀光,2756,5328,-1.37
傳產-運動休閒,2762,1395,-0.39
金融-銀行,2801,223127,-0.72
金融-銀行,2812,203790,-0.24
金融-保險,2816,3356,-0.34
金融-證券,2820,8882,0.3
金融-保險,2832,7374,-1.18
金融-銀行,2834,224846,-0.62
金融-銀行,2836,15771,-1.2
金融-銀行,2838,50167,-0.26
金融-銀行,2845,35572,0
金融-銀行,2849,160,0.75
金融-保險,2850,31847,-0.85
金融-保險,2851,18225,0.38
金融-保險,2852,10072,-0.36
金融-證券,2855,58033,-0.42
金融-保險,2867,337554,1.01
金融-金控,2880,1731057,1.09
金融-金控,2881,1262701,-1.02
金融-金控,2882,2608953,-1.45
金融-金控,2883,566146,-1.14
金融-金控,2884,3110186,0.59
金融-金控,2885,944349,-0.25
金融-金控,2886,581357,-0.25
金融-金控,2887,5646348,-0.72
金融-金控,2889,44165,0
金融-金控,2890,582806,0.35
金融-金控,2891,2527481,-0.99
金融-金控,2892,2020817,0.68
金融-銀行,2897,17054,-0.43
傳產-百貨,2901,60,0
傳產-百貨,2903,134360,0.45
傳產-航運,2904,462,0.59
傳產-百貨,2905,13211,-0.63
傳產-百貨,2906,1055,-0.39
傳產-百貨,2908,5126,-0.49
傳產-百貨,2910,149,-0.24
傳產-百貨,2911,85,-0.21
傳產-百貨,2912,479006,0.68
傳產-百貨,2913,13508,-0.37
傳產-百貨,2915,74459,0
傳產-百貨,2916,1172,-0.2
傳產-營建,2923,86,2.02
傳產-百貨,2924,0,0
傳產-文創娛樂,2926,475,0.25
傳產-百貨,2929,1175,0.63
電子下游-資訊通路,2937,1,0
傳產-百貨,2939,324,-0.22
傳產-其他,2941,2,-0.11
傳產-百貨,2945,309,0
傳產-百貨,2947,1404,0.12
傳產-其他,2948,96,0
軟體-其他,2949,24,-0.86
電子中游-電源供應器,3002,129981,4.49
電子上游-連接元件,3003,4741,-0.1
傳產-航運,3004,24219,0
電子下游-筆記型電腦,3005,308502,-1.27
電子上游-記憶體IC設計,3006,5926860,8.92
電子中游-光學鏡片,3008,4970907,6
電子上游-IC-通路,3010,155928,-1.77
電子上游-連接元件,3011,32375,4.81
電子中游-機殼,3013,244365,0
電子上游-記憶體IC設計,3014,61568,-0.86
電子中游-電源供應器,3015,14126,-0.94
電子上游-晶圓材料,3016,66203,2.55
電子中游-NB與手機零組件,3017,3757315,1.33
傳產-電機,3018,803,-1.26
電子中游-光學鏡片,3019,210247,0
電子上游-連接元件,3021,1138,0
電子下游-工業電腦,3022,41810,-0.31
電子上游-連接元件,3023,131174,-1.01
電子下游-消費電子,3024,7643,1.33
電子中游-通訊設備,3025,133816,-1.47
電子上游-被動元件,3026,51881,0.7
電子下游-太陽能,3027,13971,-1.51
電子上游-IC-通路,3028,35433,-0.39
軟體-系統整合,3029,87233,-0.9
電子中游-儀器設備工程,3030,1330438,3.11
電子上游-LED照明及光元件,3031,3370,-1.25
電子中游-機殼,3032,28509,-0.26
電子上游-IC-通路,3033,32355,-0.65
電子上游-IC-設計,3034,498950,-0.93
電子上游-IP/ASIC,3035,190133,0.3
電子上游-IC-通路,3036,1799683,-1.75
電子上游-ABF,3037,3592521,1.61
電子中游-LCD-STN面板,3038,10868,0.21
電子下游-消費電子,3040,3138,0.35
電子上游-IC-設計,3041,12079,1.02
電子上游-被動元件,3042,155466,-1.33
電子中游-變壓器與UPS,3043,1890,-1.16
電子上游-PCB-製造,3044,1228705,0.31
電子下游-電信服務,3045,4175238,2.76
電子下游-工業電腦,3046,5456,0
電子下游-消費電子,3047,19834,0.27
電子上游-IC-通路,3048,298745,1.59
電子中游-LCD-零組件,3049,7551,0.41
電子下游-其他,3050,12358,0.74
電子中游-LCD-零組件,3051,5767,-0.82
傳產-營建,3052,20068,1.24
傳產-食品,3054,2000,0
電子中游-儀器設備工程,3055,218773,4.43
傳產-營建,3056,33060,0.55
電子中游-磁碟陣列,3057,35411,-2.27
電子中游-電源供應器,3058,6792,0
電子下游-數位相機,3059,62479,0.12
電子中游-NB與手機零組件,3060,575851,3.14
電子中游-網通,3062,33021,-0.84
軟體-遊戲,3064,50,0.8
電子上游-LED照明及光元件,3066,326,0.36
電子下游-消費電子,3067,94,1.61
電子中游-NB與手機零組件,3071,1918,0
傳產-綠能環保,3073,5684,-2.04
電子中游-電源供應器,3078,117611,0.14
電子上游-半導體元件,3081,289526,0.5
軟體-遊戲,3083,2768,0.58
軟體-其他,3085,14,-0.34
軟體-遊戲,3086,33238,-1.55
電子下游-工業電腦,3088,11637,0.13
電子上游-被動元件,3090,272226,0.21
電子上游-連接元件,3092,37223,9.89
電子中游-儀器設備工程,3093,2025,-1.17
電子上游-IC-設計,3094,1809,2.1
電子中游-NB與手機零組件,3095,199,1.06
電子上游-IC-代工,3105,3767197,0.8
電子下游-資訊通路,3114,1071,-0.4
電子上游-PCB-製造,3115,149,-2.4
傳產-生技,3118,335,-1.35
電子上游-IC-設計,3122,734,-0.48
電子下游-安全監控,3128,73071,6.08
軟體-其他,3130,2942,0
電子中游-儀器設備工程,3131,1566488,1.99
電子上游-記憶體銷售,3135,150094,9.89
電子中游-通訊設備,3138,84335,0.92
電子上游-IC-設計,3141,87321,-3.71
軟體-系統整合,3147,21366,-0.9
電子中游-LCD-STN面板,3149,62949,-3.41
電子上游-IC-製造,3150,1055,-0.75
電子上游-被動元件,3152,193291,0.99
軟體-系統整合,3158,2740,0.98
傳產-自行車,3162,76244,-1.37
電子中游-通訊設備,3163,424858,0.51
傳產-生技,3164,1547,-0.27
傳產-電機,3167,3934891,7.14
電子下游-顯示器,3168,299,-0.94
電子上游-IC-設計,3169,6852,-0.21
傳產-塑膠,3171,854,-0.21
傳產-生技,3176,9083,2.04
電子上游-IC-半導體設備,3178,7551,0.7
傳產-營建,3188,6795,0
電子上游-ABF,3189,3637072,6.25
電子中游-變壓器與UPS,3191,480,-0.53
傳產-生技,3205,3592,1.36
電子中游-聲學元件,3206,457,-0.31
電子上游-被動元件,3207,22374,-1.85
電子上游-IC-通路,3209,7390,-0.16
電子中游-二次電池,3211,1699845,0
電子下游-筆記型電腦,3213,18139,0.98
電子上游-連接元件,3217,50007,-0.62
傳產-生技,3218,9262,-0.68
電子中游-儀器設備工程,3219,19820,1.01
電子上游-被動元件,3221,4209,1.67
電子中游-電子元件通路,3224,311,0.11
傳產-汽車零組件,3226,182,-0.12
電子上游-IC-設計,3227,206150,-1.23
電子上游-IC-設計,3228,47623,-1.95
電子上游-PCB-製造,3229,11196,2.21
電子中游-機殼,3230,18779,-4.74
電子下游-筆記型電腦,3231,2040987,0.69
電子上游-IC-通路,3232,343,0
電子中游-網通,3234,95873,-1.32
電子上游-被動元件,3236,120431,-1.03
傳產-觀光,3252,60,0
電子上游-IC-設計,3257,52856,-1.28
電子上游-IC-設計,3259,1050,-2.05
電子上游-記憶體銷售,3260,9243127,-0.89
電子上游-IC-封測,3264,3499084,9.56
電子上游-IC-封測,3265,1381052,3.38
傳產-營建,3266,211,1.07
電子上游-IC-設計,3268,851,1.41
電子下游-電腦周邊,3272,977,-0.25
電子上游-PCB-製造,3276,1872,0.33
傳產-其他,3284,1898,0.95
電子下游-消費電子,3285,582,-2.26
電子下游-電腦周邊,3287,2809,-1.2
電子上游-IC-設計,3288,126,-1.45
電子上游-IC-其他,3289,145882,5.61
電子上游-連接元件,3290,14512,-1.17
軟體-遊戲,3293,377322,-0.28
電子中游-機殼,3294,41707,-2.24
電子中游-電源供應器,3296,1767,-0.2
電子下游-安全監控,3297,4727,-0.12
電子中游-其他,3303,5098,0
電子上游-PCB-材料設備,3305,572769,-1.36
電子中游-通訊設備,3306,13629,-1.56
電子中游-電源供應器,3308,283,0.96
電子上游-連接元件,3310,3181,-0.92
傳產-汽車零組件,3311,19457,2.73
電子上游-IC-通路,3312,19294,-1.39
傳產-營建,3313,4331,1.34
電子上游-IC-設計,3317,13457,-0.22
電子上游-PCB-製造,3321,4561,-2.45
電子上游-連接元件,3322,9037,0.95
電子中游-NB與手機零組件,3323,124960,-1.79
電子中游-散熱零組件,3324,2328376,0
電子中游-機殼,3325,3083,-1.39
電子中游-電源供應器,3332,13273,1.57
電子中游-散熱零組件,3338,8468,0.31
電子上游-LED照明及光元件,3339,24025,-0.93
傳產-汽車零組件,3346,3342,1.87
電子下游-電腦周邊,3349,32717,-0.81
電子上游-PCB-製造,3354,108277,9.88
電子下游-安全監控,3356,8760,-1.17
電子上游-被動元件,3357,89961,-0.35
電子上游-IC-通路,3360,977,0
電子中游-光學鏡片,3362,41385,0
電子上游-被動元件,3363,1972491,0.24
電子上游-IC-封測,3372,169390,8.93
傳產-生技,3373,1390,-0.28
電子上游-IC-封測,3374,88085,0
電子上游-連接元件,3376,295725,0
傳產-電機,3379,7718,0.6
電子中游-網通,3380,74584,0.62
電子上游-IC-通路,3388,861,-0.16
電子上游-PCB-製造,3390,91766,7.36
電子中游-儀器設備工程,3402,37726,1.22
電子中游-光學鏡片,3406,759900,1.18
電子上游-IC-半導體設備,3413,402431,-0.7
電子下游-工業電腦,3416,28563,-0.66
電子中游-網通,3419,3789,2.34
傳產-電機,3426,0,0
傳產-化學工業,3430,14024,1.17
電子上游-連接元件,3432,85,0
電子下游-安全監控,3434,1220,-0.32
電子上游-LED照明及光元件,3437,3594,-0.35
電子上游-IC-設計,3438,35925,5.89
電子中游-光學鏡片,3441,4633,-0.26
電子上游-IP/ASIC,3443,6866084,4.44
電子上游-IC-通路,3444,196776,9.9
電子下游-資訊通路,3447,62655,-1.87
電子上游-IC-封測,3450,5875102,2.63
電子下游-安全監控,3454,28850,0.1
電子上游-PCB-材料設備,3455,21495,-0.98
電子下游-消費電子,3465,1001,3.04
電子中游-通訊設備,3466,23276,0.12
電子上游-IC-其他,3467,22390,8.34
電子下游-工業電腦,3479,15431,-0.54
電子中游-LCD-TFT面板,3481,1412305,1.89
電子中游-散熱零組件,3483,37303,-1.08
電子上游-連接元件,3484,9432,-0.21
傳產-營建,3489,1833,0.22
電子中游-儀器設備工程,3490,10040,-2.14
電子中游-通訊設備,3491,315644,-0.15
電子上游-連接元件,3492,964,-0.19
電子下游-電腦周邊,3494,6523,9.9
電子中游-儀器設備工程,3498,10183,1.55
電子中游-通訊設備,3499,43579,3.86
電子上游-連接元件,3501,2916,-0.61
電子中游-光學鏡片,3504,7000,0
電子中游-機殼,3508,2175,0.44
電子上游-連接元件,3511,2787,0.74
傳產-營建,3512,434,0
電子中游-主機板,3515,105813,1.82
電子中游-LCD-零組件,3516,196,0.26
傳產-其他,3518,1504,1.45
電子上游-連接元件,3520,3654,0.59
傳產-營建,3521,3988,-3.9
傳產-觀光,3522,4134,0.56
電子中游-LCD-零組件,3523,2123,9.86
電子上游-連接元件,3526,66046,0
電子上游-IC-設計,3527,4720,1.2
電子上游-IC-通路,3528,7547,0
電子上游-IP/ASIC,3529,475802,-0.87
電子上游-IC-設計,3530,12680,-0.28
電子上游-LED照明及光元件,3531,22,0
電子上游-晶圓材料,3532,89657,1.74
電子上游-連接元件,3533,314123,-1.15
電子中游-儀器設備工程,3535,310578,-0.22
電子上游-IC-通路,3537,235771,0.94
電子下游-電腦周邊,3540,4947,-0.49
電子下游-消費電子,3541,1658,0
電子中游-LCD-TFT面板,3543,189041,2.73
電子上游-IC-設計,3545,28304,0.2
軟體-遊戲,3546,13914,-0.13
電子上游-連接元件,3548,14805,1.11
電子中游-儀器設備工程,3550,8701,0.7
電子中游-儀器設備工程,3551,318304,2.84
傳產-汽車零組件,3552,15938,-0.47
傳產-生技,3555,15400,-1.98
電子上游-IC-設計,3556,1027,0.14
傳產-其他,3557,2304,-3.06
電子中游-網通,3558,23120,-1.52
電子中游-儀器設備工程,3563,796158,0.81
電子下游-工業電腦,3564,5677,-0.62
電子上游-IC-封測,3567,1068,-0.2
軟體-系統整合,3570,4178,-1.19
電子下游-太陽能,3576,225733,0.64
電子下游-工業電腦,3577,1988,0
電子中游-儀器設備工程,3580,14808,-0.66
電子上游-IC-封測,3581,161765,-0.14
電子上游-IC-半導體設備,3583,78556,-0.3
電子上游-IC-其他,3587,118370,1.09
電子上游-IC-設計,3588,6800,1.15
電子上游-LED照明及光元件,3591,4885,0.27
電子上游-IC-設計,3592,407724,-1.31
電子中游-機殼,3593,499,0
電子下游-工業電腦,3594,8772,-0.8
電子中游-網通,3596,61503,-0.84
電子上游-連接元件,3597,1438,-1.54
電子上游-連接元件,3605,97448,-0.83
電子中游-機殼,3607,26557,3.47
電子上游-LED照明及光元件,3609,4642,-0.97
電子下游-工業電腦,3611,4677,-0.73
電子中游-LCD-STN面板,3615,8797,-1.23
電子中游-變壓器與UPS,3617,94642,-0.95
電子中游-LCD-STN面板,3622,22287,0.79
電子中游-LCD-STN面板,3623,324,-0.91
電子上游-被動元件,3624,113860,-1.89
電子中游-NB與手機零組件,3625,9450,2.22
電子中游-變壓器與UPS,3628,18538,0.29
傳產-其他,3629,0,8.85
電子中游-光學鏡片,3630,18416,-0.89
電子上游-PCB-製造,3631,2304,-1.02
軟體-系統整合,3632,76,-1.75
電子上游-PCB-製造,3645,41489,-1.68
電子上游-連接元件,3646,2708,0
電子下游-工業電腦,3652,1817,0.18
電子中游-散熱零組件,3653,3576284,-0.36
電子上游-IP/ASIC,3661,2990719,1.1
傳產-其他,3663,166934,4.8
電子下游-安全監控,3664,7209,9.73
電子上游-連接元件,3665,2982329,-0.32
電子中游-LCD-零組件,3666,2460,-0.15
電子下游-安全監控,3669,25405,9.93
電子中游-通訊設備,3672,1250,-3.01
電子中游-LCD-STN面板,3673,70060,-0.96
電子上游-IC-製造,3675,12433,0
電子上游-連接元件,3679,3032,0.88
電子上游-IC-半導體設備,3680,421855,3.81
電子中游-通訊設備,3684,44334,9.92
傳產-電機,3685,41196,-2.24
電子下游-太陽能,3686,6857,0.27
軟體-其他,3687,8456,0.98
電子上游-連接元件,3689,1249802,3.6
電子下游-太陽能,3691,48930,1.67
電子中游-機殼,3693,118395,-0.7
電子中游-網通,3694,74525,-1.29
電子中游-EMS,3701,1668236,7.39
電子上游-IC-通路,3702,1166847,-1.21
傳產-營建,3703,8804,0
電子中游-網通,3704,41333,-0.61
傳產-生技,3705,9017,-0.18
電子中游-EMS,3706,598478,0
電子上游-晶圓材料,3707,117064,1.58
傳產-綠能環保,3708,117502,-2.97
電子下游-資訊通路,3709,124201,-1.2
電子上游-連接元件,3710,3203,3.28
電子上游-IC-封測,3711,4074468,2.56
傳產-綠能環保,3712,19227,-1.75
電子下游-太陽能,3713,1619,0.42
電子上游-IC-其他,3714,31501,-0.61
電子上游-PCB-製造,3715,4886163,3.35
傳產-生技,3716,2944,-0.3
電子上游-LED照明及光元件,3717,8668,2.37
傳產-生技,4102,2414,-1.23
傳產-生技,4104,10170,0.37
傳產-生技,4105,44647,-0.72
傳產-生技,4106,360,-0.68
傳產-生技,4107,2389,0.41
傳產-生技,4108,2167,-0.37
傳產-生技,4109,1713,0
傳產-生技,4111,2391,-0.17
傳產-營建,4113,10494,-0.79
傳產-生技,4114,17575,0.16
傳產-生技,4116,2197,-1.11
傳產-生技,4119,2209,0.1
傳產-生技,4120,814,0.69
傳產-生技,4121,3811,0.33
傳產-生技,4123,28504,0.13
傳產-生技,4126,1639,0
傳產-生技,4127,1875,-1.5
傳產-生技,4128,24828,-1.32
傳產-生技,4129,20779,0
傳產-生技,4130,13591,2.51
傳產-生技,4131,3564,0
傳產-生技,4133,412,0.66
傳產-生技,4137,7361,0.1
傳產-生技,4138,3286,-0.97
傳產-生技,4139,49,2.06
傳產-生技,4142,11446,-0.77
傳產-生技,4147,11294,0
傳產-生技,4148,659,-0.13
傳產-生技,4153,670,-0.29
傳產-其他,4154,413,0.95
傳產-生技,4155,3440,-1.69
傳產-生技,4157,33406,-1.24
傳產-生技,4160,9760,0.58
傳產-生技,4161,13281,-0.2
傳產-生技,4162,9776,-0.14
傳產-生技,4163,887,-0.77
傳產-生技,4164,9636,0.39
傳產-生技,4166,2611,-0.2
傳產-生技,4167,11799,1.16
傳產-生技,4168,32063,0.55
傳產-生技,4171,1967,0.52
傳產-生技,4173,703,0
傳產-生技,4174,14783,-2.09
傳產-生技,4175,1470,0.51
傳產-生技,4183,187,1.8
傳產-生技,4188,690,2.05
傳產-生技,4190,693,0
傳產-生技,4192,1,0
傳產-生技,4198,46,1.93
傳產-食品,4205,1206,0.25
傳產-食品,4207,6448,-1.84
傳產-塑膠,4303,48215,1.3
傳產-塑膠,4304,11038,9.93
傳產-塑膠,4305,0,0
傳產-塑膠,4306,5518,0
傳產-紡織纖維,4401,442,-2.01
傳產-紡織纖維,4402,648,-0.25
傳產-紡織纖維,4406,1837,0.21
傳產-紡織纖維,4413,86,-3.64
傳產-紡織纖維,4414,5494,-1.69
傳產-營建,4416,1089,-1.27
傳產-紡織纖維,4417,3521,0.56
傳產-觀光,4419,1279,0.51
傳產-紡織纖維,4420,1402,-0.2
傳產-紡織纖維,4426,711,0.31
傳產-其他,4430,392,-1.13
傳產-紡織纖維,4432,299,0.3
傳產-紡織纖維,4433,156,-0.23
傳產-紡織纖維,4438,2625,-0.78
傳產-紡織纖維,4439,614,0
傳產-紡織纖維,4440,1200,0
傳產-紡織纖維,4441,15722,0.63
傳產-紡織纖維,4442,2351,-0.64
傳產-汽車零組件,4502,1157,-0.32
電子下游-顯示器,4503,3533,1.11
傳產-電機,4506,8799,0
傳產-電機,4510,37788,3.45
傳產-電機,4513,3312,-0.27
傳產-汽車零組件,4523,2827,1.02
傳產-電機,4526,108269,1.83
傳產-電機,4527,2327,-1.27
傳產-汽車零組件,4528,279,-0.59
傳產-其他,4529,57,-0.52
傳產-觀光,4530,,
傳產-電機,4532,8190,
傳產-電機,4533,16013,
傳產-電機,4534,3105,
傳產-汽車零組件,4535,63,
傳產-運動休閒,4536,31140,
傳產-電機,4538,223,
傳產-電機,4540,9660,
傳產-航運,4541,17461,
電子上游-PCB-材料設備,4542,38721,
傳產-汽車零組件,4543,17541,
電子上游-連接元件,4545,31656,
傳產-電機,4549,27308,
傳產-電機,4550,238,
傳產-汽車零組件,4551,6493,
傳產-電機,4552,998,
傳產-汽車零組件,4554,384,
傳產-電機,4555,3547,
傳產-其他,4556,191,
傳產-汽車零組件,4557,30638,
傳產-其他,4558,464,
傳產-電機,4560,5913,
傳產-電機,4561,2706,
傳產-汽車零組件,4562,6165,
傳產-電機,4563,2844,
傳產-其他,4564,11054,
傳產-汽車零組件,4566,37557,
傳產-電機,4568,1490,
傳產-汽車零組件,4569,1936,
傳產-電機,4571,21135,
傳產-電機,4572,15099,
傳產-電機,4576,23210,
電子上游-PCB-材料設備,4577,226526,
傳產-電機,4580,6109,
傳產-汽車零組件,4581,465,
傳產-電機,4583,110526,
傳產-其他,4584,167,
電子下游-其他,4585,52214,
電子中游-其他,4588,1444,
傳產-電機,4609,129,
傳產-化學工業,4702,104,
傳產-化學工業,4706,89,
傳產-化學工業,4707,12671,
傳產-化學工業,4711,520,
傳產-化學工業,4714,15000,
傳產-化學工業,4716,8697,
傳產-化學工業,4720,4159,
傳產-化學工業,4721,73672,
傳產-化學工業,4722,634930,
傳產-生技,4726,7143,
傳產-生技,4728,1708,
電子中游-其他,4729,40459,
傳產-生技,4735,219,
傳產-生技,4736,9464,
傳產-生技,4737,11948,
傳產-化學工業,4739,64009,
傳產-化學工業,4741,1087,
傳產-生技,4743,71668,
傳產-生技,4744,10247,
傳產-生技,4745,11797,
傳產-生技,4746,20477,
傳產-生技,4747,683,
電子中游-LCD-TFT面板,4749,404570,
傳產-化學工業,4754,1265,
傳產-化學工業,4755,8114,
電子上游-被動元件,4760,77528,
傳產-化學工業,4763,355675,
傳產-化學工業,4764,264838,
傳產-化學工業,4766,123135,
傳產-化學工業,4767,192,
傳產-化學工業,4768,565149,
電子上游-PCB-材料設備,4770,40599,
傳產-生技,4771,4370,
傳產-化學工業,4772,273086,
傳產-觀光,4804,456,
傳產-文創娛樂,4806,112,
傳產-百貨,4807,485,
傳產-電線電纜,4903,240799,
電子下游-電信服務,4904,467498,
電子中游-通訊設備,4905,6,
電子中游-網通,4906,55103,
傳產-營建,4907,11811,
電子中游-通訊設備,4908,30493,
電子上游-PCB-製造,4909,531651,
傳產-生技,4911,712,
電子上游-連接元件,4912,10012,
電子下游-電腦周邊,4915,207355,
電子下游-工業電腦,4916,315545,
電子上游-IC-設計,4919,66883,
電子上游-被動元件,4923,903,
電子中游-NB與手機零組件,4924,579,
電子上游-PCB-製造,4927,734578,
電子下游-消費電子,4930,741,
電子下游-其他,4931,173434,
電子中游-LCD-零組件,4933,5307,
電子下游-太陽能,4934,10120,
電子中游-LCD-零組件,4935,1562,
電子中游-EMS,4938,788650,
電子上游-PCB-製造,4939,224224,
電子中游-其他,4942,5748,
電子中游-聲學元件,4943,144,
軟體-遊戲,4946,8771,
電子下游-太陽能,4949,25081,
傳產-鋼鐵,4950,109,
電子上游-IC-設計,4951,6561,
電子上游-IC-設計,4952,5397,
軟體-系統整合,4953,33311,
電子上游-LED照明及光元件,4956,31824,
電子上游-PCB-製造,4958,1575652,
電子中游-LCD-零組件,4960,7361,
電子上游-IC-設計,4961,179276,
電子上游-IC-設計,4966,318702,
電子上游-記憶體銷售,4967,2645297,
電子上游-IC-設計,4968,51135,
電子上游-晶圓材料,4971,428497,
傳產-照明,4972,217,
電子上游-IC-設計,4973,93821,
電子下游-掃描器,4974,3729,
電子下游-安全監控,4976,30063,
電子中游-網通,4977,1522473,
電子中游-通訊設備,4979,9565147,
電子下游-工業電腦,4987,287,
電子上游-被動元件,4989,2894986,
電子上游-IC-代工,4991,2686343,
軟體-遊戲,4994,1182,
電子中游-LCD-TFT面板,4995,209,
電子上游-連接元件,4999,1003,
傳產-鋼鐵,5007,1771,
傳產-鋼鐵,5009,63315,
傳產-鋼鐵,5011,1047,
傳產-鋼鐵,5013,0,
傳產-鋼鐵,5014,1707,
傳產-鋼鐵,5015,217,
傳產-鋼鐵,5016,127,
軟體-系統整合,5201,13661,
軟體-其他,5202,1813,
軟體-系統整合,5203,13743,
傳產-其他,5205,0,
傳產-營建,5206,4166,
軟體-系統整合,5209,8162,
軟體-系統整合,5210,2830,
軟體-其他,5211,895,
軟體-系統整合,5212,1581,
傳產-營建,5213,13175,
電子中游-NB與手機零組件,5215,2432,
電子中游-LCD-STN面板,5220,225,
電子上游-IC-代工,5222,37565,
電子中游-NB與手機零組件,5223,351,
電子下游-消費電子,5225,12967,
電子中游-二次電池,5227,1042,
電子上游-被動元件,5228,892,
電子上游-LED照明及光元件,5230,2191,
電子上游-PCB-材料設備,5234,87139,
電子上游-IC-設計,5236,8184,
電子中游-其他,5243,159417,
電子上游-LED照明及光元件,5244,5101,
電子中游-LCD-TFT面板,5245,405,
電子下游-安全監控,5251,12711,
電子下游-商業自動化,5258,19638,
軟體-其他,5263,12083,
電子上游-IC-設計,5269,623259,
電子上游-IC-設計,5272,1774,
電子上游-IC-設計,5274,1297766,
傳產-汽車零組件,5276,294,
軟體-其他,5278,8190,
傳產-電機,5283,7576,
傳產-其他,5284,190583,
電子上游-IC-導線架,5285,6185,
軟體-其他,5287,5423,
傳產-汽車零組件,5288,7478,
電子上游-記憶體銷售,5289,1893316,
電子上游-PCB-製造,5291,1396,
傳產-其他,5292,52130,
電子上游-IC-代工,5299,1073,
傳產-觀光,5301,3,
電子上游-IC-設計,5302,1497,
傳產-自行車,5306,5580,
電子中游-變壓器與UPS,5309,640445,
軟體-系統整合,5310,57,
傳產-生技,5312,4673,
傳產-其他,5314,497375,
電子中游-LCD-STN面板,5315,7211,
軟體-其他,5321,2309,
傳產-營建,5324,1066,
電子中游-電源供應器,5328,79011,
電子上游-PCB-材料設備,5340,793477,
電子上游-IC-封測,5344,746,
電子中游-其他,5345,993,
電子上游-IC-代工,5347,865525,
傳產-運動休閒,5348,157,
電子上游-記憶體IC設計,5351,988582,
電子中游-網通,5353,8120,
電子上游-PCB-製造,5355,174,
電子下游-電腦周邊,5356,1051,
傳產-觀光,5364,204,
電子中游-LCD-零組件,5371,433980,
電子上游-PCB-材料設備,5381,33680,
電子中游-主機板,5386,173801,
電子中游-網通,5388,154486,
電子中游-機殼,5392,107758,
傳產-生技,5398,7420,
軟體-系統整合,5403,8921,
電子下游-資訊通路,5410,4156,
電子下游-掃描器,5425,50338,
電子中游-機殼,5426,10238,
電子下游-太陽能,5432,62612,
電子上游-半導體元件,5434,188628,
電子下游-電腦周邊,5438,33429,
電子上游-PCB-製造,5439,964491,
電子上游-IC-半導體設備,5443,58416,
傳產-其他,5450,19105,
傳產-塑膠,5452,9794,
傳產-營建,5455,31,
電子上游-連接元件,5457,9944,
電子上游-連接元件,5460,25568,
電子上游-PCB-製造,5464,2566,
電子中游-機殼,5465,6231,
電子上游-IC-設計,5468,1348,
電子上游-PCB-製造,5469,351272,
電子上游-IC-設計,5471,3709,
電子中游-PC介面卡,5474,14746,
電子上游-PCB-材料設備,5475,166674,
軟體-遊戲,5478,5130,
傳產-其他,5481,6289,
電子下游-太陽能,5483,267447,
電子下游-安全監控,5484,6997,
電子上游-IC-設計,5487,1514,
電子上游-連接元件,5488,690,
電子下游-安全監控,5489,810,
電子下游-商業自動化,5490,6170,
電子中游-儀器設備工程,5493,12773,
電子上游-PCB-材料設備,5498,2584231,
傳產-營建,5508,422944,
傳產-營建,5511,5450,
傳產-營建,5512,5972,
傳產-營建,5514,4231,
傳產-營建,5515,22911,
傳產-營建,5516,652,
傳產-營建,5519,31163,
傳產-營建,5520,181,
傳產-營建,5521,161732,
傳產-營建,5522,285355,
傳產-營建,5523,0,
傳產-營建,5525,2207,
傳產-營建,5529,3496,
傳產-其他,5530,10770,
傳產-營建,5531,2265,
傳產-營建,5533,4418,
傳產-營建,5534,74451,
電子中游-儀器設備工程,5536,2452955,
傳產-鋼鐵,5538,891,
傳產-鋼鐵,5543,144,
傳產-營建,5546,541,
傳產-營建,5548,458,
傳產-航運,5601,1,
傳產-航運,5603,589,
傳產-其他,5604,126,
傳產-航運,5607,7972,
傳產-航運,5608,18827,
傳產-航運,5609,6065,
傳產-觀光,5701,91,
傳產-觀光,5703,16,
傳產-觀光,5704,384,
傳產-觀光,5706,2829,
金融-證券,5864,7174,
傳產-其他,5871,1375868,
金融-銀行,5876,121977,
金融-保險,5878,46,
金融-金控,5880,141206,
傳產-百貨,5902,369,
傳產-百貨,5903,4582,
傳產-百貨,5904,26333,
傳產-觀光,5905,10715,
傳產-百貨,5906,0,
傳產-百貨,5907,100869,
金融-證券,6005,319606,
金融-證券,6015,5843,
金融-證券,6016,12408,
金融-證券,6020,133,
金融-證券,6021,503,
金融-證券,6023,5951,
金融-證券,6024,10386,
金融-證券,6026,42554,
傳產-文創娛樂,6101,5888,
電子上游-IC-設計,6103,11,
電子上游-IC-設計,6104,83796,
電子上游-PCB-製造,6108,4591,
電子中游-電源供應器,6109,1201,
軟體-遊戲,6111,14377,
軟體-系統整合,6112,11678,
電子上游-IC-通路,6113,2850,
電子上游-PCB-製造,6114,566,
電子上游-連接元件,6115,2066,
電子中游-LCD-TFT面板,6116,46122,
電子中游-機殼,6117,30478,
電子下游-資訊通路,6118,10653,
電子中游-LCD-零組件,6120,21461,
電子中游-二次電池,6121,327776,
電子中游-儀器設備工程,6122,25720,
軟體-系統整合,6123,1504,
電子中游-散熱零組件,6124,221,
電子中游-儀器設備工程,6125,205765,
電子上游-連接元件,6126,17633,
電子上游-被動元件,6127,383541,
電子下游-電腦周邊,6128,1110,
電子上游-IC-設計,6129,2709,
傳產-生技,6130,31203,
電子上游-連接元件,6133,51599,
電子上游-連接元件,6134,53714,
電子下游-資訊通路,6136,3787,
電子上游-IC-設計,6138,20787,
電子中游-儀器設備工程,6139,3776890,
軟體-系統整合,6140,4225,
電子上游-PCB-製造,6141,2690,
電子中游-網通,6142,3702,
電子下游-資訊通路,6143,45107,
電子下游-消費電子,6144,234,
電子上游-IC-其他,6146,46560,
電子上游-IC-封測,6147,163810,
軟體-系統整合,6148,13479,
電子中游-PC介面卡,6150,8460,
傳產-塑膠,6151,2586,
電子中游-通訊設備,6152,19787,
電子上游-PCB-製造,6153,37018,
電子下游-資訊通路,6154,263,
電子上游-被動元件,6155,131528,
電子上游-PCB-製造,6156,12068,
電子上游-連接元件,6158,911,
電子下游-商業自動化,6160,2157,
電子下游-工業電腦,6161,3034,
軟體-系統整合,6163,906283,
電子上游-LED照明及光元件,6164,20195,
軟體-其他,6165,19471,
電子下游-工業電腦,6166,16011,
電子中游-LCD-STN面板,6167,2469,
電子上游-LED照明及光元件,6168,11773,
軟體-遊戲,6169,194,
電子下游-資訊通路,6170,6955,
傳產-營建,6171,449,
電子上游-被動元件,6173,268107,
電子上游-被動元件,6174,417,
電子上游-被動元件,6175,111828,
電子中游-LCD-零組件,6176,520446,
傳產-營建,6177,175122,
傳產-其他,6179,20211,
軟體-遊戲,6180,9235,
電子上游-晶圓材料,6182,234030,
軟體-其他,6183,2435,
電子中游-通訊設備,6184,1829,
電子上游-連接元件,6185,5052,
傳產-營建,6186,19179,
電子上游-IC-半導體設備,6187,215627,
電子下游-電腦周邊,6188,273615,
電子上游-IC-通路,6189,27151,
傳產-電線電纜,6190,136541,
電子上游-PCB-製造,6191,392851,
電子上游-PCB-材料設備,6192,10625,
電子上游-PCB-製造,6194,2586,
傳產-百貨,6195,933,
電子中游-儀器設備工程,6196,635448,
電子上游-連接元件,6197,138092,
傳產-營建,6198,56,
傳產-其他,6199,35642,
電子下游-消費電子,6201,119,
電子上游-IC-設計,6202,17858,
電子中游-電源供應器,6203,13592,
電子上游-被動元件,6204,45239,
電子上游-連接元件,6205,19351,
電子下游-商業自動化,6206,133180,
電子中游-儀器設備工程,6207,9858,
電子上游-半導體元件,6208,3411,
電子中游-光學鏡片,6209,926559,
電子上游-PCB-製造,6210,141,
傳產-營建,6212,423,
電子上游-PCB-材料設備,6213,595693,
軟體-系統整合,6214,106252,
電子中游-儀器設備工程,6215,49055,
電子中游-網通,6216,1927,
電子上游-PCB-材料設備,6217,399424,
軟體-系統整合,6218,58955,
傳產-營建,6219,6547,
電子上游-連接元件,6220,3597,
軟體-系統整合,6221,3576,
電子上游-LED照明及光元件,6222,1038,
電子上游-IC-封測,6223,5347391,
電子上游-被動元件,6224,3522,
電子下游-數位相機,6225,199,
電子上游-LED照明及光元件,6226,1388,
電子上游-IC-通路,6227,8898,
電子下游-掃描器,6228,587,
電子上游-IC-設計,6229,833,
電子中游-散熱零組件,6230,2244,
電子上游-IC-其他,6231,63471,
電子上游-IC-設計,6233,4127,
電子上游-PCB-材料設備,6234,108973,
電子中游-機殼,6235,119988,
傳產-生技,6236,26,
電子上游-IC-設計,6237,7591,
電子上游-IC-封測,6239,5860745,
軟體-系統整合,6240,80,
電子中游-網通,6241,4120,
傳產-生技,6242,208,
電子上游-IC-設計,6243,40366,
電子下游-太陽能,6244,524487,
電子中游-網通,6245,34154,
電子上游-LED照明及光元件,6246,319,
傳產-鋼鐵,6248,896,
電子上游-IC-封測,6257,3176018,
電子上游-IC-通路,6259,14885,
電子上游-IC-封測,6261,19435,
電子中游-網通,6263,3566,
傳產-營建,6264,419,
電子上游-IC-通路,6265,210626,
電子上游-PCB-材料設備,6266,24080,
電子上游-PCB-製造,6269,203956,
電子上游-IC-通路,6270,1146,
電子上游-IC-封測,6271,518081,
電子上游-連接元件,6272,97438,
電子上游-PCB-材料設備,6274,4372039,
電子中游-散熱零組件,6275,58217,
電子中游-機殼,6276,2528,
電子下游-其他,6277,2594,
電子上游-PCB-製造,6278,178603,
傳產-汽車零組件,6279,49922,
電子下游-資訊通路,6281,3648,
電子中游-電源供應器,6282,414830,
電子中游-NB與手機零組件,6283,3615,
電子上游-被動元件,6284,122567,
電子中游-網通,6285,219518,
電子上游-連接元件,6290,632346,
電子上游-IC-設計,6291,322887,
電子上游-被動元件,6292,1021,
傳產-文創娛樂,6294,610,
電子中游-LCD-零組件,6405,36809,
電子中游-變壓器與UPS,6409,499606,
電子上游-IC-設計,6411,18494,
電子中游-電源供應器,6412,155621,
電子下游-工業電腦,6414,307079,
電子上游-IC-設計,6415,172959,
電子中游-網通,6416,14263,
電子上游-被動元件,6417,1831,
電子上游-連接元件,6418,14333,
電子下游-安全監控,6419,92651,
電子上游-IP/ASIC,6423,10707,
電子上游-IC-其他,6425,110836,
電子中游-通訊設備,6426,431613,
電子中游-光學鏡片,6431,62072,
電子上游-被動元件,6432,13807,
電子上游-IC-設計,6435,21870,
電子中游-儀器設備工程,6438,45303,
電子下游-工業電腦,6441,624,
電子中游-通訊設備,6442,4176772,
電子下游-太陽能,6443,643325,
傳產-生技,6446,413244,
電子上游-被動元件,6449,49499,
電子上游-IC-封測,6451,221134,
電子中游-LCD-STN面板,6456,40975,
傳產-生技,6461,16296,
電子上游-IC-設計,6462,108975,
傳產-其他,6464,0,
電子中游-通訊設備,6465,6882,
傳產-生技,6469,18751,
電子中游-網通,6470,5463,
傳產-生技,6472,367206,
電子上游-IC-通路,6474,394,
電子下游-太陽能,6477,48338,
軟體-遊戲,6482,233,
電子上游-IC-設計,6485,216563,
電子中游-網通,6486,24263,
電子上游-晶圓材料,6488,1206917,
傳產-生技,6491,31767,
傳產-生技,6492,4090,
電子上游-IC-設計,6494,953,
傳產-生技,6496,186,
電子中游-光學鏡片,6498,2231,
傳產-生技,6499,117602,
傳產-生技,6504,599,
傳產-塑膠,6505,64139,
傳產-紡織纖維,6506,358,
傳產-生技,6508,327,
傳產-化學工業,6509,11658,
電子上游-IC-封測,6510,3681078,
電子下游-其他,6512,250,
電子上游-IC-封測,6515,3897495,
軟體-系統整合,6516,1409,
電子中游-光學鏡片,6517,103221,
傳產-生技,6523,4859,
電子上游-IC-封測,6525,8171,
電子上游-IC-設計,6526,97087,
傳產-生技,6527,1467,
電子中游-通訊設備,6530,48204,
電子上游-記憶體IC設計,6531,3046899,
電子上游-IC-半導體設備,6532,2724,
電子上游-IP/ASIC,6533,101765,
傳產-生技,6534,8210,
傳產-生技,6535,30254,
電子中游-其他,6538,4018,
傳產-生技,6541,42594,
軟體-遊戲,6542,412,
電子中游-網通,6546,8432,
傳產-生技,6547,41234,
電子上游-IC-導線架,6548,126226,
傳產-生技,6550,14908,
電子上游-IC-封測,6552,1060,
電子下游-安全監控,6556,438,
電子中游-其他,6558,24175,
電子下游-安全監控,6560,35458,
電子中游-網通,6561,71009,
電子上游-IC-設計,6568,130353,
傳產-生技,6569,4171,
電子下游-工業電腦,6570,1110,
電子上游-IC-製造,6573,3381,
傳產-生技,6574,370,
傳產-生技,6576,40141,
電子下游-顯示器,6577,1042,
傳產-其他,6578,2115,
電子下游-工業電腦,6579,4805,
傳產-綠能環保,6581,848,
傳產-橡膠,6582,679,
電子中游-金屬製品,6584,270983,
傳產-塑膠,6585,7694,
電子中游-通訊設備,6588,67266,
傳產-生技,6589,23449,
軟體-系統整合,6590,131,
電子中游-散熱零組件,6591,16862,
傳產-其他,6592,12656,
軟體-系統整合,6593,2898,
傳產-文創娛樂,6596,29738,
電子上游-LED照明及光元件,6597,0,
傳產-生技,6598,2003,
傳產-電機,6603,96365,
傳產-汽車零組件,6605,154148,
傳產-電機,6606,458,
傳產-電機,6609,3541,
傳產-生技,6612,540,
電子中游-儀器設備工程,6613,60603,
軟體-系統整合,6614,3823,
傳產-生技,6615,130,
傳產-其他,6616,822,
傳產-生技,6617,10071,
傳產-生技,6620,88517,
傳產-綠能環保,6624,34831,
傳產-文創娛樂,6625,5408,
傳產-其他,6629,1275,
傳產-生技,6637,1124,
電子上游-IC-半導體設備,6640,29903,
傳產-綠能環保,6641,402,
電子上游-被動元件,6642,2028,
電子上游-IP/ASIC,6643,110695,
傳產-生技,6645,398,
傳產-生技,6649,5446,
電子上游-IC-設計,6651,5068,
電子中游-儀器設備工程,6654,180,
傳產-其他,6655,962,
傳產-生技,6657,11016,
電子上游-PCB-材料設備,6658,60907,
傳產-生技,6661,298,
傳產-生技,6662,153,
電子上游-PCB-材料設備,6664,392743,
傳產-生技,6666,272,
電子中游-儀器設備工程,6667,115204,
電子中游-光學鏡片,6668,5528,
電子中游-EMS,6669,2377549,
傳產-高爾夫球,6670,233517,
傳產-其他,6671,181,
電子上游-PCB-製造,6672,61251,
電子中游-網通,6674,1382,
電子上游-IC-設計,6679,16441,
電子下游-工業電腦,6680,310,
電子上游-IC-半導體設備,6683,447091,
電子上游-IC-設計,6684,10733,
軟體-系統整合,6689,7482,
軟體-系統整合,6690,5819,
電子中游-儀器設備工程,6691,422304,
電子下游-太陽能,6692,559,
電子上游-IC-設計,6693,32666,
電子上游-IC-設計,6695,13584,
軟體-系統整合,6697,1115,
傳產-其他,6698,3407,
傳產-生技,6703,2701,
電子上游-LED照明及光元件,6706,1960235,
電子上游-IC-設計,6708,476,
傳產-生技,6712,15079,
電子上游-連接元件,6715,6995,
電子上游-IC-設計,6716,1844,
電子上游-IC-設計,6719,19525,
電子上游-IC-設計,6720,1369,
傳產-其他,6721,248,
電子上游-PCB-材料設備,6727,56097,
傳產-電機,6728,500,
傳產-生技,6730,540,
電子上游-IC-設計,6732,7705,
傳產-生技,6733,3802,
電子中游-儀器設備工程,6735,639,
電子中游-其他,6739,134213,
軟體-其他,6741,36973,
電子中游-光學鏡片,6742,4867,
電子下游-消費電子,6743,1335,
軟體-系統整合,6751,943,
軟體-系統整合,6752,6244,
傳產-航運,6753,220090,
傳產-其他,6754,295,
電子上游-IC-設計,6756,5037,
傳產-航運,6757,54573,
電子中游-電子元件通路,6761,88645,
傳產-生技,6762,376,
軟體-系統整合,6763,34470,
傳產-生技,6767,669,
傳產-其他,6768,25313,
電子上游-IC-代工,6770,12830700,
傳產-綠能環保,6771,245,
電子下游-資訊通路,6776,2437,
電子中游-二次電池,6781,2866858,
傳產-生技,6782,14928,
傳產-生技,6785,96343,
電子上游-IC-半導體設備,6788,482588,
電子上游-LED照明及光元件,6789,300806,
傳產-紙業,6790,2033,
軟體-系統整合,6791,646,
電子上游-被動元件,6792,830,
傳產-生技,6794,14421,
傳產-生技,6796,28189,
電子上游-IC-設計,6799,22570,
傳產-綠能環保,6803,29908,
傳產-自行車,6804,123,
電子上游-連接元件,6805,2171314,
電子下游-太陽能,6806,67689,
傳產-其他,6807,0,
軟體-系統整合,6811,49027,
電子上游-被動元件,6821,296,
電子上游-IC-半導體設備,6823,41114,
電子上游-半導體元件,6829,8288,
電子上游-IC-其他,6830,85135,
電子中游-散熱零組件,6831,603611,
電子上游-被動元件,6834,4151,
電子上游-PCB-材料設備,6835,4332,
傳產-生技,6838,2806,
電子中游-其他,6840,4863,
軟體-系統整合,6841,33469,
傳產-電機,6843,279,
傳產-生技,6844,1397,
傳產-生技,6846,295,
電子上游-LED照明及光元件,6854,19213,
電子下游-其他,6855,21,
傳產-文創娛樂,6856,0,
電子下游-手機製造,6859,2815,
傳產-生技,6861,3221,
電子中游-其他,6862,24969,
電子下游-掃描器,6863,4881,
軟體-其他,6865,1973,
電子下游-太陽能,6869,135976,
軟體-系統整合,6870,82295,
傳產-生技,6872,994,
電子下游-太陽能,6873,141234,
軟體-系統整合,6874,433,
傳產-生技,6875,7577,
電子中游-儀器設備工程,6877,6533,
傳產-其他,6881,454,
電子下游-其他,6884,3260,
傳產-生技,6885,7974,
傳產-其他,6887,490,
傳產-其他,6890,181340,
傳產-其他,6894,26556,
電子中游-其他,6895,11612,
電子上游-被動元件,6899,478,
傳產-生技,6901,9707,
軟體-系統整合,6902,1385,
電子中游-儀器設備工程,6903,275319,
傳產-其他,6904,121,
軟體-系統整合,6906,1554,
電子上游-IC-半導體設備,6909,4969,
軟體-系統整合,6910,3127,
電子上游-連接元件,6913,9991,
傳產-其他,6914,2314,
電子中游-LCD-STN面板,6916,2473,
傳產-生技,6918,3348,
傳產-生技,6919,880643,
電子上游-IC-設計,6921,24616,
電子下游-工業電腦,6922,7653,
傳產-其他,6923,32867,
電子上游-PCB-製造,6924,3515,
軟體-系統整合,6925,5315,
電子下游-工業電腦,6928,8324,
傳產-生技,6929,270,
傳產-生技,6931,7316,
電子中游-其他,6933,6869,
傳產-生技,6936,766,
電子上游-IC-半導體設備,6937,27334,
傳產-綠能環保,6944,745567,
傳產-生技,6949,38135,
傳產-綠能環保,6951,12011,
傳產-食品,6952,645,
電子上游-IC-半導體設備,6953,15201,
傳產-生技,6955,952,
傳產-其他,6957,34954,
傳產-其他,6958,500,
電子上游-IC-設計,6962,56731,
傳產-其他,6965,6687,
電子中游-其他,6967,8743,
傳產-其他,6968,4900,
傳產-其他,6969,589,
傳產-綠能環保,6971,1164,
傳產-電機,6982,7181,
傳產-汽車零組件,6988,39,
傳產-其他,6994,12017,
電子中游-LCD-零組件,6996,13701,
軟體-其他,6997,364,
電子中游-光學鏡片,7402,147242,
軟體-系統整合,7547,770,
電子上游-IC-半導體設備,7556,2308,
軟體-遊戲,7584,286,
傳產-鋼鐵,7610,173025,
電子中游-儀器設備工程,7631,1699,
傳產-電機,7642,1617,
電子中游-儀器設備工程,7703,31461,
電子中游-儀器設備工程,7704,2366,
傳產-觀光,7705,2801,
傳產-觀光,7708,419,
傳產-電機,7709,160,
電子中游-EMS,7711,70564,
電子上游-IC-製造,7712,17762,
傳產-生技,7713,597,
軟體-其他,7714,21652,
傳產-其他,7715,857,
傳產-航運,7716,105,
電子上游-LED照明及光元件,7717,202259,
傳產-汽車零組件,7718,280,
軟體-系統整合,7721,4318,
軟體-其他,7722,9319,
傳產-觀光,7723,1332,
電子上游-IC-其他,7728,204768,
電子中游-儀器設備工程,7730,4589,
傳產-汽車零組件,7732,1961,
電子上游-IC-其他,7734,14769,
傳產-汽車零組件,7736,631,
軟體-其他,7738,3170,
傳產-綠能環保,7740,25589,
傳產-食品,7743,214,
電子中游-EMS,7744,23752,
軟體-系統整合,7747,1163,
電子上游-IP/ASIC,7749,93374,
傳產-電機,7750,151745,
電子上游-IC-半導體設備,7751,530382,
電子下游-顯示器,7753,341,
傳產-觀光,7757,2508,
軟體-系統整合,7765,12536,
軟體-系統整合,7767,1660,
電子上游-IC-半導體設備,7769,3264700,
電子上游-IC-設計,7770,1924,
傳產-其他,7777,37704,
傳產-生技,7780,20805,
傳產-百貨,7782,365,
傳產-綠能環保,7786,24866,
傳產-電機,7788,36412,
傳產-食品,7791,6519,
傳產-生技,7799,438351,
電子中游-磁碟陣列,7805,256835,
電子上游-IC-封測,7810,416892,
電子中游-網通,8011,14016,
電子上游-IC-設計,8016,97818,
電子上游-PCB-材料設備,8021,5666356,
電子上游-IC-設計,8024,461,
傳產-電機,8027,521597,
電子上游-IC-半導體設備,8028,914277,
電子上游-IC-通路,8032,8718,
電子下游-消費電子,8033,676137,
電子中游-通訊設備,8034,33583,
電子中游-二次電池,8038,81748,
電子上游-PCB-製造,8039,1022002,
電子上游-IC-設計,8040,10976,
電子上游-被動元件,8042,196914,
電子上游-被動元件,8043,1786611,
軟體-其他,8044,6538,
電子中游-通訊設備,8045,7711,
電子上游-ABF,8046,1780303,
電子下游-其他,8047,56657,
電子中游-通訊設備,8048,22502,
電子中游-LCD-STN面板,8049,1422,
電子下游-工業電腦,8050,13746,
電子上游-IC-設計,8054,308549,
電子中游-通訊設備,8059,4703,
電子中游-儀器設備工程,8064,79509,
傳產-百貨,8066,292,
電子下游-資訊通路,8067,75,
電子上游-IC-通路,8068,37101,
電子中游-LCD-TFT面板,8069,265477,
電子上游-IC-導線架,8070,238318,
電子上游-連接元件,8071,5877,
電子下游-安全監控,8072,3663,
電子上游-PCB-材料設備,8074,1114693,
電子下游-商業自動化,8076,10581,
傳產-觀光,8077,0,
傳產-營建,8080,380,
電子上游-IC-設計,8081,46810,
電子中游-其他,8083,5849,
電子上游-記憶體銷售,8084,12953,
電子中游-LCD-零組件,8085,5389,
電子上游-IC-代工,8086,199124,
電子下游-太陽能,8087,684,
電子上游-記憶體銷售,8088,561595,
電子中游-通訊設備,8089,7257,
電子上游-IC-半導體設備,8091,12771,
電子中游-儀器設備工程,8092,204,
電子中游-電源供應器,8093,876,
電子上游-IC-通路,8096,513395,
電子中游-網通,8097,6896,
軟體-系統整合,8099,13655,
電子下游-手機製造,8101,238,
電子上游-IC-設計,8102,3950,
電子上游-連接元件,8103,173541,
電子中游-LCD-TFT面板,8104,9167,
電子中游-LCD-STN面板,8105,7459,
傳產-汽車零組件,8107,2161,
電子中游-電源供應器,8109,4156,
電子上游-IC-封測,8110,247971,
電子上游-LED照明及光元件,8111,1059308,
電子上游-IC-通路,8112,2388672,
電子下游-商業自動化,8114,37518,
電子上游-被動元件,8121,12832,
電子上游-IC-封測,8131,1191966,
電子上游-連接元件,8147,7585,
電子上游-IC-封測,8150,2351035,
電子上游-PCB-製造,8155,121646,
電子上游-IC-封測,8162,7822,
電子中游-NB與手機零組件,8163,16834,
電子中游-電源供應器,8171,1118,
電子中游-網通,8176,1047,
電子上游-被動元件,8182,1342,
電子上游-PCB-製造,8183,5677,
電子下游-消費電子,8201,630,
電子中游-機殼,8210,1253111,
電子上游-PCB-製造,8213,15021,
電子中游-LCD-零組件,8215,7552,
傳產-其他,8222,7932,
電子上游-IP/ASIC,8227,34587,
電子下游-工業電腦,8234,39345,
電子中游-LCD-零組件,8240,3545,
電子下游-數位相機,8249,18873,
傳產-汽車零組件,8255,17265,
電子上游-IC-設計,8261,58239,
電子上游-記憶體銷售,8271,762635,
軟體-其他,8272,1250,
電子上游-記憶體銷售,8277,2332,
傳產-生技,8279,1565,
軟體-系統整合,8284,456,
電子上游-被動元件,8289,968,
電子上游-PCB-材料設備,8291,,
電子上游-記憶體IC設計,8299,12469673,
傳產-綠能環保,8341,7316,
傳產-其他,8342,0,
傳產-鋼鐵,8349,3972,
傳產-塑膠,8354,22246,
電子上游-PCB-材料設備,8358,553290,
傳產-航運,8367,2516,
傳產-電機,8374,11430,
電子中游-其他,8383,8114,
傳產-綠能環保,8390,189488,
傳產-其他,8401,932,
傳產-生技,8403,914,
傳產-紡織纖維,8404,11180,
傳產-生技,8409,110,
電子中游-其他,8410,1960,
傳產-其他,8411,2909,
傳產-鋼鐵,8415,6340,
軟體-系統整合,8416,740,
電子中游-儀器設備工程,8421,88,
傳產-綠能環保,8422,1663679,
傳產-橡膠,8423,496,
傳產-營建,8424,191,
傳產-其他,8426,1362,
傳產-百貨,8429,872,
電子上游-連接元件,8431,238821,
傳產-生技,8432,1199,
傳產-百貨,8433,1083,
傳產-其他,8435,251,
傳產-生技,8436,21685,
傳產-其他,8437,595,
傳產-綠能環保,8438,15780,
傳產-綠能環保,8440,1457,
傳產-其他,8442,2295,
傳產-百貨,8443,11835,
傳產-其他,8444,2158,
傳產-文創娛樂,8446,3526,
傳產-文創娛樂,8450,579,
傳產-百貨,8454,143346,
傳產-電機,8455,83,
傳產-運動休閒,8462,15880,
傳產-水泥,8463,602,
傳產-其他,8464,199622,
傳產-其他,8466,1046,
傳產-其他,8467,60724,
軟體-其他,8472,1279,
傳產-綠能環保,8473,13977,
傳產-綠能環保,8476,1444,
軟體-其他,8477,279,
傳產-其他,8478,105090,
傳產-其他,8481,537,
傳產-其他,8482,200,
傳產-其他,8487,255,
傳產-其他,8488,0,
傳產-文創娛樂,8489,2209,
電子下游-其他,8499,102646,
傳產-食品,8905,4420,
傳產-其他,8906,13594,
傳產-其他,8908,1101,
傳產-紡織纖維,8916,4651,
傳產-其他,8917,349,
傳產-其他,8921,0,
傳產-文創娛樂,8923,198,
傳產-高爾夫球,8924,9320,
傳產-其他,8926,22741,
傳產-其他,8927,7779,
傳產-高爾夫球,8928,151,
傳產-其他,8929,265,
傳產-鋼鐵,8930,2158,
傳產-其他,8931,934,
傳產-其他,8932,126817,
傳產-自行車,8933,824,
傳產-塑膠,8935,11942,
傳產-水泥,8936,81854,
傳產-汽車,8937,20000,
傳產-高爾夫球,8938,13445,
傳產-觀光,8940,500,
傳產-其他,8941,637,
傳產-塑膠,8942,9644,
傳產-電機,8996,2396154,
傳產-其他,9103,682,
傳產-食品,910322,93,
電子下游-掃描器,9105,40484,
電子下游-資訊通路,910861,110,
傳產-汽車零組件,9110,80,
傳產-其他,911608,104,
傳產-鋼鐵,911622,51,
電子上游-LED照明及光元件,911868,212,
電子中游-網通,912000,2507,
電子中游-機殼,9136,1872,
傳產-其他,9802,100366,
傳產-其他,9902,4452,
傳產-其他,9904,150271,
傳產-其他,9905,1429,
傳產-營建,9906,4818,
傳產-鋼鐵,9907,183646,
傳產-其他,9908,2909,
傳產-其他,9910,98642,
傳產-其他,9911,11811,
電子下游-顯示器,9912,1211,
傳產-自行車,9914,115815,
電子下游-安全監控,9917,70037,
傳產-其他,9918,169,
傳產-其他,9919,3096,
傳產-自行車,9921,64450,
傳產-其他,9924,3187,
電子下游-安全監控,9925,4898,
傳產-其他,9926,1141,
傳產-鋼鐵,9927,1801,
傳產-其他,9928,3402,
傳產-其他,9929,43,
傳產-其他,9930,3694,
傳產-其他,9931,81,
傳產-其他,9933,54744,
傳產-其他,9934,2057,
傳產-其他,9935,3266,
傳產-其他,9937,3894,
傳產-紡織纖維,9938,75576,
傳產-塑膠,9939,72452,
傳產-其他,9940,8420,
傳產-其他,9941,141282,
傳產-汽車零組件,9942,4966,
傳產-觀光,9943,3614,
傳產-其他,9944,207,
傳產-營建,9945,102964,
傳產-營建,9946,2614,
傳產-其他,9949,8158,
傳產-塑膠,9950,1462,
傳產-汽車零組件,9951,1177,
傳產-綠能環保,9955,35936,
傳產-鋼鐵,9958,78798,
傳產-高爾夫球,9960,312,
傳產-鋼鐵,9962,546,
